{
  "metrics": {
    "Simple Linear Regression": {
      "mae": 0.6800034962847736,
      "r2": 0.8134805561459981
    },
    "Multiple Linear Regression": {
      "mae": 0.6861296357860217,
      "r2": 0.8112307316092041
    },
    "Polynomial Regression (d=2)": {
      "mae": 0.6691713787169262,
      "r2": 0.8197355959682302
    }
  },
  "best_model": "Polynomial Regression (d=2)",
  "simple_coef_weight": 0.4319,
  "simple_intercept": -0.5249,
  "multiple_coef_weight": 0.3503,
  "multiple_coef_size": 0.3903,
  "multiple_intercept": -0.34,
  "poly_feat_names": [
    "Weight",
    "Size",
    "Weight^2",
    "Weight Size",
    "Size^2"
  ],
  "poly_coefs": [
    0.442878,
    -0.365001,
    -0.028802,
    0.295412,
    -0.683895
  ],
  "poly_intercept": -0.133,
  "dataset_rows": 364,
  "training_samples": 291,
  "test_samples": 73,
  "size_dist": {
    "Small": 136,
    "Medium": 109,
    "Large": 119
  }
}