{
  "metrics": {
    "Simple Linear Regression": {
      "mae": 0.6219246384497784,
      "r2": 0.8435941482980537
    },
    "Multiple Linear Regression": {
      "mae": 0.6092679036548622,
      "r2": 0.8431106852203701
    },
    "Polynomial Regression (d=2)": {
      "mae": 0.6137555404139448,
      "r2": 0.839392130678265
    }
  },
  "best_model": "Simple Linear Regression",
  "simple_coef_weight": 0.4245,
  "simple_intercept": -0.458,
  "multiple_coef_weight": 0.346,
  "multiple_coef_size": 0.3748,
  "multiple_intercept": -0.277,
  "poly_feat_names": [
    "Weight",
    "Size",
    "Weight^2",
    "Weight Size",
    "Size^2"
  ],
  "poly_coefs": [
    0.619132,
    -1.396084,
    -0.053676,
    0.503984,
    -1.05395
  ],
  "poly_intercept": -0.1587,
  "dataset_rows": 365,
  "training_samples": 292,
  "test_samples": 73,
  "size_dist": {
    "Small": 137,
    "Medium": 109,
    "Large": 119
  }
}