{
  "metrics": {
    "Simple Linear Regression": {
      "mae": 0.5793888422995196,
      "r2": 0.8217924357352399
    },
    "Multiple Linear Regression": {
      "mae": 0.5724660525991297,
      "r2": 0.8246500708551285
    },
    "Polynomial Regression (d=2)": {
      "mae": 0.5497368305713467,
      "r2": 0.83219947033319
    }
  },
  "best_model": "Polynomial Regression (d=2)",
  "simple_coef_weight": 0.4378,
  "simple_intercept": -0.5761,
  "multiple_coef_weight": 0.3892,
  "multiple_coef_size": 0.2381,
  "multiple_intercept": -0.479,
  "poly_feat_names": [
    "Weight",
    "Size",
    "Weight^2",
    "Weight Size",
    "Size^2"
  ],
  "poly_coefs": [
    0.181832,
    0.268501,
    -0.001828,
    0.113378,
    -0.321907
  ],
  "poly_intercept": 0.7089,
  "dataset_rows": 540,
  "training_samples": 432,
  "test_samples": 108,
  "size_dist": {
    "Small": 140,
    "Medium": 233,
    "Large": 167
  }
}